{
  "pipeline": "p2_sec_filings",
  "ticker": "AAPL",
  "total": 30,
  "fetched_at": "2026-02-20T04:07:38.671320",
  "filings": [
    {
      "ticker": "AAPL",
      "cik": "0000320193",
      "form_type": "10-K",
      "filed_date": "2025-10-31",
      "accession_number": "0000320193-25-000079",
      "primary_document": "aapl-20250927.htm",
      "description": "10-K",
      "filing_url": "https://www.sec.gov/Archives/edgar/data/320193/000032019325000079/aapl-20250927.htm",
      "source": "sec_edgar",
      "fetched_at": "2026-02-20T04:07:37.902549"
    },
    {
      "ticker": "AAPL",
      "cik": "0000320193",
      "form_type": "10-K",
      "filed_date": "2024-11-01",
      "accession_number": "0000320193-24-000123",
      "primary_document": "aapl-20240928.htm",
      "description": "10-K",
      "filing_url": "https://www.sec.gov/Archives/edgar/data/320193/000032019324000123/aapl-20240928.htm",
      "source": "sec_edgar",
      "fetched_at": "2026-02-20T04:07:37.902595"
    },
    {
      "ticker": "AAPL",
      "cik": "0000320193",
      "form_type": "10-K",
      "filed_date": "2023-11-03",
      "accession_number": "0000320193-23-000106",
      "primary_document": "aapl-20230930.htm",
      "description": "10-K",
      "filing_url": "https://www.sec.gov/Archives/edgar/data/320193/000032019323000106/aapl-20230930.htm",
      "source": "sec_edgar",
      "fetched_at": "2026-02-20T04:07:37.902623"
    },
    {
      "ticker": "AAPL",
      "cik": "0000320193",
      "form_type": "10-K",
      "filed_date": "2022-10-28",
      "accession_number": "0000320193-22-000108",
      "primary_document": "aapl-20220924.htm",
      "description": "10-K",
      "filing_url": "https://www.sec.gov/Archives/edgar/data/320193/000032019322000108/aapl-20220924.htm",
      "source": "sec_edgar",
      "fetched_at": "2026-02-20T04:07:37.902646"
    },
    {
      "ticker": "AAPL",
      "cik": "0000320193",
      "form_type": "10-K",
      "filed_date": "2021-10-29",
      "accession_number": "0000320193-21-000105",
      "primary_document": "aapl-20210925.htm",
      "description": "10-K",
      "filing_url": "https://www.sec.gov/Archives/edgar/data/320193/000032019321000105/aapl-20210925.htm",
      "source": "sec_edgar",
      "fetched_at": "2026-02-20T04:07:37.902669"
    },
    {
      "ticker": "AAPL",
      "cik": "0000320193",
      "form_type": "10-K",
      "filed_date": "2020-10-30",
      "accession_number": "0000320193-20-000096",
      "primary_document": "aapl-20200926.htm",
      "description": "10-K",
      "filing_url": "https://www.sec.gov/Archives/edgar/data/320193/000032019320000096/aapl-20200926.htm",
      "source": "sec_edgar",
      "fetched_at": "2026-02-20T04:07:37.902690"
    },
    {
      "ticker": "AAPL",
      "cik": "0000320193",
      "form_type": "10-K",
      "filed_date": "2019-10-31",
      "accession_number": "0000320193-19-000119",
      "primary_document": "a10-k20199282019.htm",
      "description": "10-K",
      "filing_url": "https://www.sec.gov/Archives/edgar/data/320193/000032019319000119/a10-k20199282019.htm",
      "source": "sec_edgar",
      "fetched_at": "2026-02-20T04:07:37.902711"
    },
    {
      "ticker": "AAPL",
      "cik": "0000320193",
      "form_type": "10-K",
      "filed_date": "2018-11-05",
      "accession_number": "0000320193-18-000145",
      "primary_document": "a10-k20189292018.htm",
      "description": "10-K",
      "filing_url": "https://www.sec.gov/Archives/edgar/data/320193/000032019318000145/a10-k20189292018.htm",
      "source": "sec_edgar",
      "fetched_at": "2026-02-20T04:07:37.902733"
    },
    {
      "ticker": "AAPL",
      "cik": "0000320193",
      "form_type": "10-K",
      "filed_date": "2017-11-03",
      "accession_number": "0000320193-17-000070",
      "primary_document": "a10-k20179302017.htm",
      "description": "10-K",
      "filing_url": "https://www.sec.gov/Archives/edgar/data/320193/000032019317000070/a10-k20179302017.htm",
      "source": "sec_edgar",
      "fetched_at": "2026-02-20T04:07:37.902757"
    },
    {
      "ticker": "AAPL",
      "cik": "0000320193",
      "form_type": "10-K",
      "filed_date": "2016-10-26",
      "accession_number": "0001628280-16-020309",
      "primary_document": "a201610-k9242016.htm",
      "description": "10-K",
      "filing_url": "https://www.sec.gov/Archives/edgar/data/320193/000162828016020309/a201610-k9242016.htm",
      "source": "sec_edgar",
      "fetched_at": "2026-02-20T04:07:37.902796"
    },
    {
      "ticker": "AAPL",
      "cik": "0000320193",
      "form_type": "10-Q",
      "filed_date": "2026-01-30",
      "accession_number": "0000320193-26-000006",
      "primary_document": "aapl-20251227.htm",
      "description": "10-Q",
      "filing_url": "https://www.sec.gov/Archives/edgar/data/320193/000032019326000006/aapl-20251227.htm",
      "source": "sec_edgar",
      "fetched_at": "2026-02-20T04:07:38.296326"
    },
    {
      "ticker": "AAPL",
      "cik": "0000320193",
      "form_type": "10-Q",
      "filed_date": "2025-08-01",
      "accession_number": "0000320193-25-000073",
      "primary_document": "aapl-20250628.htm",
      "description": "10-Q",
      "filing_url": "https://www.sec.gov/Archives/edgar/data/320193/000032019325000073/aapl-20250628.htm",
      "source": "sec_edgar",
      "fetched_at": "2026-02-20T04:07:38.296358"
    },
    {
      "ticker": "AAPL",
      "cik": "0000320193",
      "form_type": "10-Q",
      "filed_date": "2025-05-02",
      "accession_number": "0000320193-25-000057",
      "primary_document": "aapl-20250329.htm",
      "description": "10-Q",
      "filing_url": "https://www.sec.gov/Archives/edgar/data/320193/000032019325000057/aapl-20250329.htm",
      "source": "sec_edgar",
      "fetched_at": "2026-02-20T04:07:38.296366"
    },
    {
      "ticker": "AAPL",
      "cik": "0000320193",
      "form_type": "10-Q",
      "filed_date": "2025-01-31",
      "accession_number": "0000320193-25-000008",
      "primary_document": "aapl-20241228.htm",
      "description": "10-Q",
      "filing_url": "https://www.sec.gov/Archives/edgar/data/320193/000032019325000008/aapl-20241228.htm",
      "source": "sec_edgar",
      "fetched_at": "2026-02-20T04:07:38.296377"
    },
    {
      "ticker": "AAPL",
      "cik": "0000320193",
      "form_type": "10-Q",
      "filed_date": "2024-08-02",
      "accession_number": "0000320193-24-000081",
      "primary_document": "aapl-20240629.htm",
      "description": "10-Q",
      "filing_url": "https://www.sec.gov/Archives/edgar/data/320193/000032019324000081/aapl-20240629.htm",
      "source": "sec_edgar",
      "fetched_at": "2026-02-20T04:07:38.296392"
    },
    {
      "ticker": "AAPL",
      "cik": "0000320193",
      "form_type": "10-Q",
      "filed_date": "2024-05-03",
      "accession_number": "0000320193-24-000069",
      "primary_document": "aapl-20240330.htm",
      "description": "10-Q",
      "filing_url": "https://www.sec.gov/Archives/edgar/data/320193/000032019324000069/aapl-20240330.htm",
      "source": "sec_edgar",
      "fetched_at": "2026-02-20T04:07:38.296398"
    },
    {
      "ticker": "AAPL",
      "cik": "0000320193",
      "form_type": "10-Q",
      "filed_date": "2024-02-02",
      "accession_number": "0000320193-24-000006",
      "primary_document": "aapl-20231230.htm",
      "description": "10-Q",
      "filing_url": "https://www.sec.gov/Archives/edgar/data/320193/000032019324000006/aapl-20231230.htm",
      "source": "sec_edgar",
      "fetched_at": "2026-02-20T04:07:38.296412"
    },
    {
      "ticker": "AAPL",
      "cik": "0000320193",
      "form_type": "10-Q",
      "filed_date": "2023-08-04",
      "accession_number": "0000320193-23-000077",
      "primary_document": "aapl-20230701.htm",
      "description": "10-Q",
      "filing_url": "https://www.sec.gov/Archives/edgar/data/320193/000032019323000077/aapl-20230701.htm",
      "source": "sec_edgar",
      "fetched_at": "2026-02-20T04:07:38.296423"
    },
    {
      "ticker": "AAPL",
      "cik": "0000320193",
      "form_type": "10-Q",
      "filed_date": "2023-05-05",
      "accession_number": "0000320193-23-000064",
      "primary_document": "aapl-20230401.htm",
      "description": "10-Q",
      "filing_url": "https://www.sec.gov/Archives/edgar/data/320193/000032019323000064/aapl-20230401.htm",
      "source": "sec_edgar",
      "fetched_at": "2026-02-20T04:07:38.296429"
    },
    {
      "ticker": "AAPL",
      "cik": "0000320193",
      "form_type": "10-Q",
      "filed_date": "2023-02-03",
      "accession_number": "0000320193-23-000006",
      "primary_document": "aapl-20221231.htm",
      "description": "10-Q",
      "filing_url": "https://www.sec.gov/Archives/edgar/data/320193/000032019323000006/aapl-20221231.htm",
      "source": "sec_edgar",
      "fetched_at": "2026-02-20T04:07:38.296444"
    },
    {
      "ticker": "AAPL",
      "cik": "0000320193",
      "form_type": "8-K",
      "filed_date": "2026-01-29",
      "accession_number": "0000320193-26-000005",
      "primary_document": "aapl-20260129.htm",
      "description": "8-K",
      "filing_url": "https://www.sec.gov/Archives/edgar/data/320193/000032019326000005/aapl-20260129.htm",
      "source": "sec_edgar",
      "fetched_at": "2026-02-20T04:07:38.664436"
    },
    {
      "ticker": "AAPL",
      "cik": "0000320193",
      "form_type": "8-K",
      "filed_date": "2026-01-02",
      "accession_number": "0001140361-26-000199",
      "primary_document": "ef20060722_8k.htm",
      "description": "8-K",
      "filing_url": "https://www.sec.gov/Archives/edgar/data/320193/000114036126000199/ef20060722_8k.htm",
      "source": "sec_edgar",
      "fetched_at": "2026-02-20T04:07:38.664463"
    },
    {
      "ticker": "AAPL",
      "cik": "0000320193",
      "form_type": "8-K",
      "filed_date": "2025-12-05",
      "accession_number": "0001140361-25-044561",
      "primary_document": "ef20060722_8k.htm",
      "description": "8-K",
      "filing_url": "https://www.sec.gov/Archives/edgar/data/320193/000114036125044561/ef20060722_8k.htm",
      "source": "sec_edgar",
      "fetched_at": "2026-02-20T04:07:38.664469"
    },
    {
      "ticker": "AAPL",
      "cik": "0000320193",
      "form_type": "8-K",
      "filed_date": "2025-10-30",
      "accession_number": "0000320193-25-000077",
      "primary_document": "aapl-20251030.htm",
      "description": "8-K",
      "filing_url": "https://www.sec.gov/Archives/edgar/data/320193/000032019325000077/aapl-20251030.htm",
      "source": "sec_edgar",
      "fetched_at": "2026-02-20T04:07:38.664476"
    },
    {
      "ticker": "AAPL",
      "cik": "0000320193",
      "form_type": "8-K",
      "filed_date": "2025-07-31",
      "accession_number": "0000320193-25-000071",
      "primary_document": "aapl-20250731.htm",
      "description": "8-K",
      "filing_url": "https://www.sec.gov/Archives/edgar/data/320193/000032019325000071/aapl-20250731.htm",
      "source": "sec_edgar",
      "fetched_at": "2026-02-20T04:07:38.664488"
    },
    {
      "ticker": "AAPL",
      "cik": "0000320193",
      "form_type": "8-K",
      "filed_date": "2025-07-25",
      "accession_number": "0001140361-25-027340",
      "primary_document": "ef20052355_8k.htm",
      "description": "8-K",
      "filing_url": "https://www.sec.gov/Archives/edgar/data/320193/000114036125027340/ef20052355_8k.htm",
      "source": "sec_edgar",
      "fetched_at": "2026-02-20T04:07:38.664494"
    },
    {
      "ticker": "AAPL",
      "cik": "0000320193",
      "form_type": "8-K",
      "filed_date": "2025-07-09",
      "accession_number": "0001140361-25-025275",
      "primary_document": "ef20051741_8k.htm",
      "description": "8-K",
      "filing_url": "https://www.sec.gov/Archives/edgar/data/320193/000114036125025275/ef20051741_8k.htm",
      "source": "sec_edgar",
      "fetched_at": "2026-02-20T04:07:38.664500"
    },
    {
      "ticker": "AAPL",
      "cik": "0000320193",
      "form_type": "8-K",
      "filed_date": "2025-05-12",
      "accession_number": "0001140361-25-018400",
      "primary_document": "ef20048691_8k.htm",
      "description": "8-K",
      "filing_url": "https://www.sec.gov/Archives/edgar/data/320193/000114036125018400/ef20048691_8k.htm",
      "source": "sec_edgar",
      "fetched_at": "2026-02-20T04:07:38.664505"
    },
    {
      "ticker": "AAPL",
      "cik": "0000320193",
      "form_type": "8-K",
      "filed_date": "2025-05-01",
      "accession_number": "0000320193-25-000055",
      "primary_document": "aapl-20250501.htm",
      "description": "8-K",
      "filing_url": "https://www.sec.gov/Archives/edgar/data/320193/000032019325000055/aapl-20250501.htm",
      "source": "sec_edgar",
      "fetched_at": "2026-02-20T04:07:38.664511"
    },
    {
      "ticker": "AAPL",
      "cik": "0000320193",
      "form_type": "8-K",
      "filed_date": "2025-02-25",
      "accession_number": "0001140361-25-005876",
      "primary_document": "ef20044022_8k.htm",
      "description": "8-K",
      "filing_url": "https://www.sec.gov/Archives/edgar/data/320193/000114036125005876/ef20044022_8k.htm",
      "source": "sec_edgar",
      "fetched_at": "2026-02-20T04:07:38.664522"
    }
  ]
}