{
  "pipeline": "p2_sec_filings",
  "ticker": "AMZN",
  "total": 27,
  "fetched_at": "2026-02-20T04:08:53.941875",
  "filings": [
    {
      "ticker": "AMZN",
      "cik": "0001018724",
      "form_type": "10-K",
      "filed_date": "2026-02-06",
      "accession_number": "0001018724-26-000004",
      "primary_document": "amzn-20251231.htm",
      "description": "10-K",
      "filing_url": "https://www.sec.gov/Archives/edgar/data/1018724/000101872426000004/amzn-20251231.htm",
      "source": "sec_edgar",
      "fetched_at": "2026-02-20T04:08:53.118203"
    },
    {
      "ticker": "AMZN",
      "cik": "0001018724",
      "form_type": "10-K",
      "filed_date": "2025-02-07",
      "accession_number": "0001018724-25-000004",
      "primary_document": "amzn-20241231.htm",
      "description": "10-K",
      "filing_url": "https://www.sec.gov/Archives/edgar/data/1018724/000101872425000004/amzn-20241231.htm",
      "source": "sec_edgar",
      "fetched_at": "2026-02-20T04:08:53.118276"
    },
    {
      "ticker": "AMZN",
      "cik": "0001018724",
      "form_type": "10-K",
      "filed_date": "2024-02-02",
      "accession_number": "0001018724-24-000008",
      "primary_document": "amzn-20231231.htm",
      "description": "10-K",
      "filing_url": "https://www.sec.gov/Archives/edgar/data/1018724/000101872424000008/amzn-20231231.htm",
      "source": "sec_edgar",
      "fetched_at": "2026-02-20T04:08:53.118346"
    },
    {
      "ticker": "AMZN",
      "cik": "0001018724",
      "form_type": "10-K",
      "filed_date": "2023-02-03",
      "accession_number": "0001018724-23-000004",
      "primary_document": "amzn-20221231.htm",
      "description": "10-K",
      "filing_url": "https://www.sec.gov/Archives/edgar/data/1018724/000101872423000004/amzn-20221231.htm",
      "source": "sec_edgar",
      "fetched_at": "2026-02-20T04:08:53.118410"
    },
    {
      "ticker": "AMZN",
      "cik": "0001018724",
      "form_type": "10-K",
      "filed_date": "2022-02-04",
      "accession_number": "0001018724-22-000005",
      "primary_document": "amzn-20211231.htm",
      "description": "10-K",
      "filing_url": "https://www.sec.gov/Archives/edgar/data/1018724/000101872422000005/amzn-20211231.htm",
      "source": "sec_edgar",
      "fetched_at": "2026-02-20T04:08:53.118465"
    },
    {
      "ticker": "AMZN",
      "cik": "0001018724",
      "form_type": "10-K",
      "filed_date": "2021-02-03",
      "accession_number": "0001018724-21-000004",
      "primary_document": "amzn-20201231.htm",
      "description": "10-K",
      "filing_url": "https://www.sec.gov/Archives/edgar/data/1018724/000101872421000004/amzn-20201231.htm",
      "source": "sec_edgar",
      "fetched_at": "2026-02-20T04:08:53.118518"
    },
    {
      "ticker": "AMZN",
      "cik": "0001018724",
      "form_type": "10-K",
      "filed_date": "2020-01-31",
      "accession_number": "0001018724-20-000004",
      "primary_document": "amzn-20191231x10k.htm",
      "description": "10-K",
      "filing_url": "https://www.sec.gov/Archives/edgar/data/1018724/000101872420000004/amzn-20191231x10k.htm",
      "source": "sec_edgar",
      "fetched_at": "2026-02-20T04:08:53.118562"
    },
    {
      "ticker": "AMZN",
      "cik": "0001018724",
      "form_type": "10-Q",
      "filed_date": "2025-10-31",
      "accession_number": "0001018724-25-000123",
      "primary_document": "amzn-20250930.htm",
      "description": "10-Q",
      "filing_url": "https://www.sec.gov/Archives/edgar/data/1018724/000101872425000123/amzn-20250930.htm",
      "source": "sec_edgar",
      "fetched_at": "2026-02-20T04:08:53.532873"
    },
    {
      "ticker": "AMZN",
      "cik": "0001018724",
      "form_type": "10-Q",
      "filed_date": "2025-08-01",
      "accession_number": "0001018724-25-000086",
      "primary_document": "amzn-20250630.htm",
      "description": "10-Q",
      "filing_url": "https://www.sec.gov/Archives/edgar/data/1018724/000101872425000086/amzn-20250630.htm",
      "source": "sec_edgar",
      "fetched_at": "2026-02-20T04:08:53.532909"
    },
    {
      "ticker": "AMZN",
      "cik": "0001018724",
      "form_type": "10-Q",
      "filed_date": "2025-05-02",
      "accession_number": "0001018724-25-000036",
      "primary_document": "amzn-20250331.htm",
      "description": "10-Q",
      "filing_url": "https://www.sec.gov/Archives/edgar/data/1018724/000101872425000036/amzn-20250331.htm",
      "source": "sec_edgar",
      "fetched_at": "2026-02-20T04:08:53.532927"
    },
    {
      "ticker": "AMZN",
      "cik": "0001018724",
      "form_type": "10-Q",
      "filed_date": "2024-11-01",
      "accession_number": "0001018724-24-000161",
      "primary_document": "amzn-20240930.htm",
      "description": "10-Q",
      "filing_url": "https://www.sec.gov/Archives/edgar/data/1018724/000101872424000161/amzn-20240930.htm",
      "source": "sec_edgar",
      "fetched_at": "2026-02-20T04:08:53.532954"
    },
    {
      "ticker": "AMZN",
      "cik": "0001018724",
      "form_type": "10-Q",
      "filed_date": "2024-08-02",
      "accession_number": "0001018724-24-000130",
      "primary_document": "amzn-20240630.htm",
      "description": "10-Q",
      "filing_url": "https://www.sec.gov/Archives/edgar/data/1018724/000101872424000130/amzn-20240630.htm",
      "source": "sec_edgar",
      "fetched_at": "2026-02-20T04:08:53.532966"
    },
    {
      "ticker": "AMZN",
      "cik": "0001018724",
      "form_type": "10-Q",
      "filed_date": "2024-05-01",
      "accession_number": "0001018724-24-000083",
      "primary_document": "amzn-20240331.htm",
      "description": "10-Q",
      "filing_url": "https://www.sec.gov/Archives/edgar/data/1018724/000101872424000083/amzn-20240331.htm",
      "source": "sec_edgar",
      "fetched_at": "2026-02-20T04:08:53.532990"
    },
    {
      "ticker": "AMZN",
      "cik": "0001018724",
      "form_type": "10-Q",
      "filed_date": "2023-10-27",
      "accession_number": "0001018724-23-000018",
      "primary_document": "amzn-20230930.htm",
      "description": "10-Q",
      "filing_url": "https://www.sec.gov/Archives/edgar/data/1018724/000101872423000018/amzn-20230930.htm",
      "source": "sec_edgar",
      "fetched_at": "2026-02-20T04:08:53.533035"
    },
    {
      "ticker": "AMZN",
      "cik": "0001018724",
      "form_type": "10-Q",
      "filed_date": "2023-08-04",
      "accession_number": "0001018724-23-000012",
      "primary_document": "amzn-20230630.htm",
      "description": "10-Q",
      "filing_url": "https://www.sec.gov/Archives/edgar/data/1018724/000101872423000012/amzn-20230630.htm",
      "source": "sec_edgar",
      "fetched_at": "2026-02-20T04:08:53.533053"
    },
    {
      "ticker": "AMZN",
      "cik": "0001018724",
      "form_type": "10-Q",
      "filed_date": "2023-04-28",
      "accession_number": "0001018724-23-000008",
      "primary_document": "amzn-20230331.htm",
      "description": "10-Q",
      "filing_url": "https://www.sec.gov/Archives/edgar/data/1018724/000101872423000008/amzn-20230331.htm",
      "source": "sec_edgar",
      "fetched_at": "2026-02-20T04:08:53.533074"
    },
    {
      "ticker": "AMZN",
      "cik": "0001018724",
      "form_type": "10-Q",
      "filed_date": "2022-10-28",
      "accession_number": "0001018724-22-000023",
      "primary_document": "amzn-20220930.htm",
      "description": "10-Q",
      "filing_url": "https://www.sec.gov/Archives/edgar/data/1018724/000101872422000023/amzn-20220930.htm",
      "source": "sec_edgar",
      "fetched_at": "2026-02-20T04:08:53.533099"
    },
    {
      "ticker": "AMZN",
      "cik": "0001018724",
      "form_type": "8-K",
      "filed_date": "2026-02-05",
      "accession_number": "0001018724-26-000002",
      "primary_document": "amzn-20260205.htm",
      "description": "8-K",
      "filing_url": "https://www.sec.gov/Archives/edgar/data/1018724/000101872426000002/amzn-20260205.htm",
      "source": "sec_edgar",
      "fetched_at": "2026-02-20T04:08:53.929133"
    },
    {
      "ticker": "AMZN",
      "cik": "0001018724",
      "form_type": "8-K",
      "filed_date": "2025-11-20",
      "accession_number": "0001104659-25-114647",
      "primary_document": "tm2530638d3_8k.htm",
      "description": "FORM 8-K",
      "filing_url": "https://www.sec.gov/Archives/edgar/data/1018724/000110465925114647/tm2530638d3_8k.htm",
      "source": "sec_edgar",
      "fetched_at": "2026-02-20T04:08:53.929208"
    },
    {
      "ticker": "AMZN",
      "cik": "0001018724",
      "form_type": "8-K",
      "filed_date": "2025-10-30",
      "accession_number": "0001018724-25-000121",
      "primary_document": "amzn-20251030.htm",
      "description": "8-K",
      "filing_url": "https://www.sec.gov/Archives/edgar/data/1018724/000101872425000121/amzn-20251030.htm",
      "source": "sec_edgar",
      "fetched_at": "2026-02-20T04:08:53.929231"
    },
    {
      "ticker": "AMZN",
      "cik": "0001018724",
      "form_type": "8-K",
      "filed_date": "2025-07-31",
      "accession_number": "0001018724-25-000084",
      "primary_document": "amzn-20250731.htm",
      "description": "8-K",
      "filing_url": "https://www.sec.gov/Archives/edgar/data/1018724/000101872425000084/amzn-20250731.htm",
      "source": "sec_edgar",
      "fetched_at": "2026-02-20T04:08:53.929251"
    },
    {
      "ticker": "AMZN",
      "cik": "0001018724",
      "form_type": "8-K",
      "filed_date": "2025-05-22",
      "accession_number": "0001104659-25-052014",
      "primary_document": "tm2515134d1_8k.htm",
      "description": "FORM 8-K",
      "filing_url": "https://www.sec.gov/Archives/edgar/data/1018724/000110465925052014/tm2515134d1_8k.htm",
      "source": "sec_edgar",
      "fetched_at": "2026-02-20T04:08:53.929266"
    },
    {
      "ticker": "AMZN",
      "cik": "0001018724",
      "form_type": "8-K",
      "filed_date": "2025-05-01",
      "accession_number": "0001018724-25-000034",
      "primary_document": "amzn-20250501.htm",
      "description": "8-K",
      "filing_url": "https://www.sec.gov/Archives/edgar/data/1018724/000101872425000034/amzn-20250501.htm",
      "source": "sec_edgar",
      "fetched_at": "2026-02-20T04:08:53.929284"
    },
    {
      "ticker": "AMZN",
      "cik": "0001018724",
      "form_type": "8-K",
      "filed_date": "2025-04-10",
      "accession_number": "0001104659-25-033450",
      "primary_document": "tm254123d2_8k.htm",
      "description": "FORM 8-K",
      "filing_url": "https://www.sec.gov/Archives/edgar/data/1018724/000110465925033450/tm254123d2_8k.htm",
      "source": "sec_edgar",
      "fetched_at": "2026-02-20T04:08:53.929295"
    },
    {
      "ticker": "AMZN",
      "cik": "0001018724",
      "form_type": "8-K",
      "filed_date": "2025-02-06",
      "accession_number": "0001018724-25-000002",
      "primary_document": "amzn-20250206.htm",
      "description": "8-K",
      "filing_url": "https://www.sec.gov/Archives/edgar/data/1018724/000101872425000002/amzn-20250206.htm",
      "source": "sec_edgar",
      "fetched_at": "2026-02-20T04:08:53.929314"
    },
    {
      "ticker": "AMZN",
      "cik": "0001018724",
      "form_type": "8-K",
      "filed_date": "2024-10-31",
      "accession_number": "0001018724-24-000158",
      "primary_document": "amzn-20241031.htm",
      "description": "8-K",
      "filing_url": "https://www.sec.gov/Archives/edgar/data/1018724/000101872424000158/amzn-20241031.htm",
      "source": "sec_edgar",
      "fetched_at": "2026-02-20T04:08:53.929341"
    },
    {
      "ticker": "AMZN",
      "cik": "0001018724",
      "form_type": "8-K",
      "filed_date": "2024-08-01",
      "accession_number": "0001018724-24-000128",
      "primary_document": "amzn-20240801.htm",
      "description": "8-K",
      "filing_url": "https://www.sec.gov/Archives/edgar/data/1018724/000101872424000128/amzn-20240801.htm",
      "source": "sec_edgar",
      "fetched_at": "2026-02-20T04:08:53.929359"
    }
  ]
}